2025年项目计划与安排表（07月）,,,,,,,,,,,,,,,,,,,
序号,项目类型,来源,任务发起时间,目标对齐,关键KR对齐,具体计划内容,邓总指导登记,负责人,协助人,监督人,重要程度,预计完成时间,完成进度,"形成计划清单,完成附件、链接、截图上传",周度分析总结,,,,
,,,,,,,,,,,,,,,复盘周期,复盘时间,对上汇报,应用情况,进度分析与总结
20,目标管理,"目标复盘待解决,已执行待优化",2025/6/30,【修改】品牌定位,【修改】品牌优化迭代,"【爆款库】
1.目前【爆款库】以【目标管理机制】进行推进，周执行与复盘推进【目标导向】展开,按照周度周三,周五进行汇报
2.内部外部爆款执行优化登记
3.爆款库按周度更新机制进行裂变效果追踪及执行优化迭代-7.7（员工反馈）
4.爆款库执行自下而上反馈机制按周进行推进，同步流程进行优化及调整",,【修改】张三,"曾利萍,杨佳玲,朱瀚桔",徐志杰,【修改】9,2025/7/5,100%,"内容库v1.0

【腾讯文档】部门素材库网盘架构优化调整
部门素材库网盘架构优化调整",周度,2025/7/22,已汇报但未结项,已对接下一步计划,"【修改】0730项目持续优化已在8月子表体现,新增修改内容用于测试系统检测能力

0725
爆款库与选题会以进行序号打通，本周以按最新情况进行登记

0722
爆款打通周度选题序号进行串联"
21,目标管理,经理日常交办,2025/7/25,矩阵号运营,,【修改】爆款库与选题表达打通序号执行落地情况跟进,,朱瀚桔,徐志杰,徐志杰,4,【修改】2025/8/15,100%,,周度,2025/7/25,尚未汇报,已对接下一步计划,【新增】0725项目完成度良好
22,目标管理,"经理日常交办,周会决策待办",2025/7/25,"矩阵号运营,企业号运营",,企业号爆款库板块优化，爆款与不良表单建立,,蔡悦莹,,徐志杰,4,2025/7/30,100%,,周度,2025/7/31,无需,已纳入日常管理,"0731
已完成框架，员工八月执行转计划"